<?xml version="1.0" encoding="UTF-8"?>
<schemalist gettext-domain="gnome-shell-extensions">
  <schema path="/org/gnome/shell/extensions/azan/" id="org.gnome.shell.extensions.azan">

    <key type="s" name="calculation-method">
        <default>"MWL"</default>
        <summary>Calculation method</summary>
        <description>Calculation method</description>
    </key>

    <key type="b" name="auto-location">
        <default>true</default>
        <summary>Automatic location</summary>
        <description>Whether or not to use GeoClue2 to detect the location</description>
    </key>

    <key type="d" name="latitude">
        <default>-6.3292</default>
        <summary>Latitude</summary>
        <description>Latitude of your location</description>
    </key>

    <key type="d" name="longitude">
        <default>106.8567</default>
        <summary>Longitude</summary>
        <description>Longitude of your location</description>
    </key>

    <key type="b" name="time-format-12">
        <default>false</default>
        <summary>AM/PM time format</summary>
        <description>Set time format to AM/PM hours</description>
    </key>

    <key type="s" name="timezone">
        <default>"auto"</default>
        <summary>Timezone</summary>
        <description>Timezone of your location</description>
    </key>

    <key type="s" name="concise-list">
      <default>"all"</default>
      <summary>Which times to show</summary>
    </key>
  </schema>
</schemalist>
