{
  "description": "Azan is an Islamic prayer times extension for Gnome Shell based on the extension by Fahrinh.\n\nFeatures\n- List compulsory prayer times\n Optionally display Imsak, Sunrise, Sunset and Midnight\n- Show remaining time for the upcoming prayer.\n- Show current date in Hijri calendar.\n- Display a notification when it's time for prayer.\n- Automatic Geoclue2 location detection\n- Show times in 24 hour and 12 hour formats",
  "name": "Azan Islamic Prayer Times",
  "settings-schema": "org.gnome.shell.extensions.azan",
  "shell-version": ["3.28.3", "3.26.1", "3.36", "40" ],
  "url": "https://github.com/ameeno/azan-gnome-shell-extension",
  "uuid": "azan@ameeno.id",
  "version": 2
}
